{"stat.useItem.274":95,"stat.walkOneCm":140479,"stat.playerKills":1,"stat.leaveGame":2,"stat.mineBlock.16":2,"stat.mineBlock.15":3,"stat.mineBlock.18":1,"tconstruct.beginner":2,"stat.mineBlock.17":7,"stat.jump":337,"stat.swimOneCm":2526,"stat.fallOneCm":6365,"achievement.buildWorkBench":4,"achievement.killCow":4,"achievement.buildSword":2,"achievement.mineWood":9,"achievement.exploreAllBiomes":{"value":0,"progress":["Beach","Brushland","River"]},"achievement.openInventory":43,"stat.craftItem.5":24,"stat.killEntity.Chicken":2,"stat.craftItem.280":12,"stat.damageTaken":6048,"stat.mineBlock.3":29,"stat.mineBlock.1":54,"achievement.botania:flowerPickup":5,"stat.mobKills":23,"stat.craftItem.272":1,"stat.craftItem.274":1,"stat.craftItem.58":2,"stat.flyOneCm":49116,"stat.useItem.6":1,"stat.deaths":6,"stat.drop":83,"stat.useItem.50":4,"achievement.buildPickaxe":4,"stat.playOneMinute":25788,"stat.entityKilledBy.Zombie":5,"stat.craftItem.50":8,"stat.killEntity.Sheep":2,"stat.craftItem.270":1,"stat.useItem.3":24,"stat.damageDealt":3985,"achievement.buildBetterPickaxe":2,"stat.killEntity.Zombie":1,"stat.killEntity.Cow":5,"stat.killEntity.Pig":13,"stat.useItem.270":49,"stat.mineBlock.31":41,"stat.useItem.58":2,"stat.diveOneCm":2637,"stat.useItem.272":50}