{"stat.useItem.274":69,"stat.walkOneCm":57247,"achievement.openInventory":21,"stat.craftItem.5":12,"stat.leaveGame":2,"stat.craftItem.280":8,"stat.damageTaken":2670,"stat.mineBlock.3":19,"stat.mineBlock.1":50,"achievement.botania:flowerPickup":1,"stat.mobKills":2,"stat.flyOneCm":15006,"stat.craftItem.58":1,"stat.craftItem.274":1,"stat.mineBlock.16":2,"stat.deaths":1,"stat.mineBlock.15":3,"stat.drop":14,"stat.mineBlock.17":4,"tconstruct.beginner":2,"stat.useItem.50":4,"stat.jump":105,"achievement.buildPickaxe":4,"stat.swimOneCm":608,"stat.playOneMinute":13251,"stat.fallOneCm":1266,"stat.craftItem.50":8,"achievement.buildWorkBench":2,"stat.craftItem.270":1,"stat.useItem.3":11,"stat.damageDealt":220,"achievement.buildBetterPickaxe":2,"achievement.mineWood":5,"stat.killEntity.Pig":2,"achievement.exploreAllBiomes":{"value":0,"progress":["Beach","Brushland"]},"stat.useItem.270":14,"stat.mineBlock.31":5,"stat.useItem.58":1}