{"stat.useItem.274":18,"stat.walkOneCm":135979,"stat.playerKills":1,"stat.craftItem.268":1,"achievement.openInventory":19,"stat.craftItem.5":16,"stat.killEntity.Chicken":1,"stat.leaveGame":1,"stat.craftItem.280":12,"stat.damageTaken":4578,"stat.mineBlock.3":4,"stat.mineBlock.1":12,"achievement.botania:flowerPickup":3,"stat.mobKills":10,"stat.craftItem.272":1,"stat.flyOneCm":23227,"stat.mineBlock.38":1,"stat.craftItem.274":1,"stat.mineBlock.16":14,"stat.mineBlock.15":3,"stat.deaths":3,"stat.mineBlock.18":1,"stat.mineBlock.17":4,"tconstruct.beginner":1,"stat.drop":46,"stat.jump":226,"stat.swimOneCm":5688,"stat.useItem.268":10,"stat.playOneMinute":29091,"stat.fallOneCm":2995,"stat.entityKilledBy.Zombie":2,"stat.craftItem.270":1,"stat.useItem.3":2,"stat.damageDealt":2055,"achievement.mineWood":5,"stat.mineBlock.50":1,"stat.killEntity.Cow":1,"stat.killEntity.Pig":8,"achievement.exploreAllBiomes":{"value":0,"progress":["Beach","Brushland","River"]},"stat.useItem.270":17,"stat.mineBlock.31":11,"stat.diveOneCm":4934,"stat.useItem.272":51}