{"stat.useItem.274":18,"stat.walkOneCm":43524,"stat.playerKills":1,"stat.craftItem.268":1,"achievement.openInventory":11,"stat.craftItem.5":16,"stat.leaveGame":1,"stat.craftItem.280":12,"stat.damageTaken":1490,"stat.mineBlock.3":4,"stat.mineBlock.1":12,"stat.mobKills":1,"stat.craftItem.272":1,"stat.flyOneCm":6121,"stat.mineBlock.38":1,"stat.craftItem.274":1,"stat.mineBlock.16":14,"stat.mineBlock.15":3,"stat.mineBlock.18":1,"stat.mineBlock.17":4,"tconstruct.beginner":1,"stat.jump":70,"stat.useItem.268":10,"stat.playOneMinute":16553,"stat.fallOneCm":1113,"stat.craftItem.270":1,"stat.damageDealt":340,"achievement.mineWood":4,"stat.killEntity.Pig":1,"achievement.exploreAllBiomes":{"value":0,"progress":["Beach","Brushland"]},"stat.useItem.270":17,"stat.mineBlock.31":1}